"","Search Terms","Type","SV","Relev.","Sugg. bid & range","B07Q4K1HRJ","B07QF31BNY","B0BZYL1FKS","B08JW3NM26","B094Z8WWM3","B07VZX8SX3","B07Q6XS2ZK","B099NJQC9C","B0CS2W4NYG","B0846W6TN8","B089NN5R7Y","B07S9FD67D","B08DVF2W94","B07DXGL9QY","B0D5B5CJTM","B0CGV1LGD9","B08HD2DGRZ","B0CB6ZPDNQ","B0846W87DN"
"","chalk markers","edit","281733","0.6842105263157895","","5","1","14","2","4","19","16","23","","25","27","35","12","120","","118","75","","39"
"","chalk markers for blackboard","edit","124902","0.7894736842105263","","5","1","11","4","3","32","9","19","15","21","22","","12","66","18","","35","27",""
"","liquid chalk markers","edit","103473","0.631578947368421","","5","1","14","9","7","23","6","19","17","29","31","95","12","47","84","51","137","103","46"
"","liquid chalk","edit","49776","Residue","","11","18","43","37","28","36","","66","69","110","94","","26","89","116","","","","139"
"","chalkboard markers","edit","49736","0.631578947368421","","2","1","22","5","4","19","14","25","","21","18","27","11","123","","66","56","64","80"
"","wet erase markers","edit","48482","Residue","","37","43","","72","20","","","15","","143","78","","39","130","125","59","56","","117"
"","chalkboard calendar","edit","41877","Residue","","39","","33","11","32","124","22","47","","","","","10","","40","","123","120",""
"","colored markers","dropped","33685","Residue","","","85","","40","","","95","","","","","","","","","","","",""
"","liquid chalk markers erasable","edit","26293","0.6842105263157895","","2","1","48","10","5","25","18","8","12","27","22","44","15","33","104","57","93","105","55"
"","chalk marker","edit","25620","0.631578947368421","","1","2","17","8","6","40","22","20","46","30","41","23","15","53","","72","70","51","83"
"","marcadores de colores","edit","22434","Residue","","43","114","","","","","","","","","","","","","","","","",""
"","chalk pen","edit","17691","0.5263157894736842","","3","4","10","35","12","36","44","28","","","","32","62","91","67","33","","",""
"","window markers","edit","17053","Residue","","3","22","","7","34","","23","17","125","103","25","76","43","45","91","","69","",""
"","chalk board calendar for wall","edit","15920","Residue","","75","","108","12","11","66","32","","","","","","","","27","","34","",""
"","chalk pens","edit","14318","0.6842105263157895","","1","2","8","6","4","27","16","21","","11","29","24","7","","31","47","","",""
"","chalk markers for chalkboard","edit","13245","0.631578947368421","","3","1","24","2","4","21","8","13","","27","23","30","7","70","68","60","59","61","55"
"","chalkboard paint","edit","11859","Residue","","11","14","98","21","38","139","26","","","74","123","","72","115","75","","","",""
"","erasable markers","edit","10760","Residue","","43","39","","91","","124","135","79","126","115","","","","83","","94","123","",""
"","black dry erase board","edit","10689","Outlier","","5","","22","","","","","","","","","","","","","","","",""
"","window markers for glass washable","edit","10312","Residue","","2","17","60","8","31","68","13","14","51","","98","","113","41","101","92","78","",""
"","window paint","edit","10025","Residue","","5","","","11","94","","12","","","107","","","21","53","72","","","",""
"","car markers","edit","9276","Residue","","2","20","45","26","88","115","9","24","37","55","53","","57","41","63","","","","103"
"","chalk markers fine tip","edit","8640","0.7894736842105263","","1","21","2","41","15","11","69","29","106","23","6","30","39","123","17","26","139","9","20"
"","chalk board marker pens","edit","8638","0.6842105263157895","","1","2","11","5","3","37","16","13","","14","24","46","9","81","31","61","","72","26"
"","chalkboard calendar for wall","edit","8166","Residue","","33","","30","8","13","77","36","","","","","","23","","59","","","",""
"","chalkboard chalk","edit","8006","Residue","","11","25","","34","44","107","24","26","104","138","","","71","","89","","","126",""
"","fine tip chalk markers","edit","6930","0.6842105263157895","","1","42","2","43","35","13","72","19","78","38","7","59","61","","15","34","","6","12"
"","neon dry erase markers","edit","6648","Residue","","2","62","30","","121","18","117","4","139","137","70","","25","13","133","","46","","80"
"","chalk board markers","edit","6467","0.6842105263157895","","2","1","14","4","3","63","7","13","15","23","22","24","10","75","37","82","46","47","85"
"","car window markers","edit","6440","Residue","","2","17","49","22","32","74","21","20","56","27","24","","30","","58","","","","105"
"","black board","edit","6313","Outlier","","9","","30","","23","","101","","","","","","69","","","","","",""
"","colored chalk","edit","6266","Outlier","","6","22","","61","28","","","","","","","","","","","","","",""
"","chalk pens for chalkboard","edit","5931","0.7894736842105263","","1","2","8","6","3","14","24","10","30","36","23","74","19","114","","25","81","32","43"
"","chalk markers for dry erase board","edit","5772","0.7368421052631579","","1","2","3","4","6","22","19","10","64","65","13","31","8","45","79","48","26","","38"
"","chalk calendar board for wall","edit","5659","Residue","","","","","9","17","48","55","","","","","","24","","43","","","",""
"","chalk for chalkboard","edit","5643","Residue","","8","24","36","40","48","93","21","33","108","142","121","","92","","95","","67","","129"
"","liquid chalk marker","edit","5375","0.8421052631578947","","1","2","16","7","10","43","13","19","22","29","24","46","20","39","26","44","106","99","41"
"","chalk calendar","edit","5052","Residue","","52","43","57","8","","45","20","","112","","","","","","17","","78","75",""
"","glass markers","edit","4787","Residue","","1","12","37","11","52","82","38","28","","","","","48","13","104","","","",""
"","car markers washable for auto","edit","4695","Residue","","2","16","58","32","","","6","18","48","33","103","","","31","37","","","",""
"","loddie doddie pens","edit","4650","Residue","","","","","6","","10","","","","","","","","","","","","13",""
"","chalkboards","edit","4572","Outlier","","13","60","90","78","","","","","","","","","69","","","","","",""
"","calendar chalkboard","edit","4538","Residue","","56","140","62","8","29","","38","92","","","","","15","","20","","","",""
"","mirror markers","edit","4508","Residue","","1","3","55","19","6","92","23","7","93","","111","","","32","60","","122","",""
"","blackboard calendar","edit","4260","Residue","","44","","59","6","","56","32","23","","","","","41","","8","","","",""
"","neon markers","edit","4256","Residue","","10","20","143","","","39","29","4","","108","119","","","26","","","","","115"
"","window markers for cars","edit","4119","Residue","","1","14","","30","85","","21","23","97","26","44","","","43","118","","","",""
"","blackboard markers","edit","3962","0.8421052631578947","","1","2","5","4","3","20","19","6","17","32","37","","11","63","25","35","38","36","72"
"","window paint markers","edit","3841","Residue","","2","26","96","8","","","16","79","83","75","48","","69","46","","","","",""
"","erasable chalk markers","edit","3718","0.631578947368421","","1","5","14","6","3","17","","8","16","26","22","79","21","","70","25","62","","46"
"","chalkboard markers erasable","edit","3498","0.7368421052631579","","1","2","11","4","3","36","14","10","19","20","18","","28","50","71","44","40","66","52"
"","chalk board calendar","edit","3448","Residue","","70","","56","8","43","","26","","","","","","75","","24","","144","",""
"","water markers","edit","3395","Outlier","","110","29","","","","","","116","","","","","","","","","","",""
"","chalk for blackboard","edit","3385","Residue","","8","19","87","33","16","","72","94","76","123","124","","","","","","111","98","129"
"","window chalk markers for cars","edit","3379","Residue","","1","11","74","13","33","","25","49","55","28","58","","24","52","83","","134","","108"
"","dry erase chalk markers","edit","3327","0.7368421052631579","","1","3","9","8","5","13","28","12","41","69","22","141","7","35","53","","14","","44"
"","glass markers erasable","edit","3271","Residue","","1","2","43","9","11","31","51","4","44","68","","","","10","","56","81","","101"
"","framed chalkboard calendar","edit","3141","Residue","","","","","8","6","","19","","","","","","","","14","","","69",""
"","chalk paint markers","edit","3055","0.5789473684210527","","1","2","19","3","4","44","10","13","69","141","24","","9","70","","92","25","71","85"
"","window paint for glass washable","edit","3051","Residue","","25","49","","8","93","","13","119","109","","120","","118","35","","","","",""
"","dry erase markers for black dry erase board","edit","2872","0.47368421052631576","","1","14","3","","13","12","96","4","129","115","123","","35","15","","","18","","135"
"","chalk markets","edit","2857","0.631578947368421","","4","1","19","5","2","22","17","32","70","38","41","27","12","134","","75","54","104","47"
"","glass dry erase markers","edit","2830","Residue","","4","31","30","63","","43","","34","","103","","","51","10","","","72","","70"
"","car markers for windows washable","edit","2794","Residue","","39","35","75","","63","","12","19","45","71","54","","","46","58","","","","116"
"","car paint markers","edit","2767","Residue","","11","20","105","26","","","15","62","92","","","","","27","88","","","",""
"","dry erase board markers","edit","2750","Outlier","","30","101","115","","","","","108","","","","","62","","","","","",""
"","liquid dry erase markers","edit","2708","Residue","","1","2","8","31","16","22","75","11","12","67","","","44","30","","40","109","","81"
"","board markers","edit","2706","Residue","","17","25","59","41","65","77","","88","76","","","","74","56","90","","122","",""
"","glow in the dark chalk","edit","2661","Residue","","24","16","","104","","","","36","","","","","","55","","","","",""
"","liquid chalk markers fine tip","edit","2564","0.6842105263157895","","1","12","2","18","28","7","39","59","69","20","4","51","143","65","33","35","","11","6"
"","car chalk window markers washable","edit","2547","Residue","","2","9","70","18","58","","11","19","35","54","45","","74","38","53","","93","","102"
"","pastel dry erase markers","edit","2536","Residue","","115","","80","64","116","16","","","","","32","","125","","","","53","","76"
"","fine point chalk markers","edit","2505","0.6842105263157895","","4","34","3","24","69","26","","42","82","15","1","36","134","112","8","17","96","2","7"
"","window paint markers for cars","edit","2392","Residue","","3","15","56","21","","","17","37","93","53","54","","144","50","70","","","","128"
"","neon paint markers","edit","2341","Residue","","9","35","","","","95","30","21","","99","105","","","43","74","","","",""
"","chalkboard marker","edit","2262","0.631578947368421","","1","2","18","9","5","22","26","20","60","21","32","36","15","108","","53","73","78",""
"","calendar chalkboard for wall","edit","2244","Outlier","","47","","18","9","16","","26","","","","","","27","","","","","77",""
"","mirror markers for glass erasable","edit","2241","Residue","","1","3","20","37","9","104","21","5","66","111","90","","97","14","77","75","45","",""
"","colored chalkboard chalk","edit","2224","Residue","","5","21","","38","14","","31","108","","114","","","","","139","","","",""
"","chalk sign","edit","2191","Residue","","11","","86","42","8","","","","","","","","","","","","","",""
"","blackboard chalk","edit","2092","Residue","","7","19","34","17","18","","35","43","95","116","117","","41","","","","137","122",""
"","chalk board paint","edit","2087","Residue","","10","38","","36","","121","15","","84","67","","","60","101","73","","61","","126"
"","black chalkboard calendar","edit","2069","Residue","","35","","7","8","","","","65","","","","","93","","","","","",""
"","chalk dry erase markers","edit","2033","0.6842105263157895","","1","3","5","6","8","9","18","11","36","52","15","130","14","38","58","72","20","",""
"","washable chalk markers","edit","2029","0.5789473684210527","","1","2","19","7","3","47","13","10","33","22","45","","85","86","42","58","105","","79"
"","bistro chalk marker","edit","2019","Residue","","10","16","27","18","20","97","37","","","92","48","","","","","","141","98","83"
"","window marker","edit","2018","Residue","","1","10","44","15","64","105","26","20","77","53","37","55","43","47","92","","75","","111"
"","dry erase paint","edit","2006","Residue","","18","33","","","","71","","65","134","141","140","","","","","","","",""
"","markers for acrylic calendar","edit","1996","Residue","","23","37","20","25","43","15","27","5","","","106","143","73","30","26","39","110","33","122"
"","car window markers for glass washable","edit","1979","Residue","","35","42","52","32","54","140","19","12","36","70","79","","","47","","","","","120"
"","loddie doddie","edit","1956","Residue","","44","45","49","1","48","7","43","","","","","","58","","","","69","4",""
"","black board calendar","edit","1949","Outlier","","139","","21","6","","","","","","","","","42","","9","","","",""
"","black light markers","edit","1943","Residue","","25","","","","","","69","12","","","","","73","","","","95","",""
"","neon dry erase markers for black dry erase board","edit","1921","0.47368421052631576","","2","17","4","24","32","16","","3","74","","","","48","13","60","46","19","",""
"","chalkboard pens","edit","1893","0.6842105263157895","","1","3","8","4","5","40","10","17","54","14","","89","15","125","44","24","63","66","39"
"","black board dry erase markers","edit","1876","Residue","","1","12","3","6","18","15","29","4","47","","","","16","19","37","","13","","93"
"","neon chalk markers","edit","1863","0.6842105263157895","","1","2","19","8","71","11","7","3","37","38","23","91","20","10","47","128","9","112","108"
"","dry erase markers for clear acrylic board","edit","1828","Residue","","8","17","14","12","75","34","","4","","88","","","67","26","","66","29","",""
"","washable spray paint","edit","1817","Residue","","","","","","","","23","","","","","","","","","","","",""
"","car window paint","edit","1806","Residue","","37","","75","","","","25","20","73","28","53","","","31","48","","","",""
"","black chalk marker","edit","1801","0.5263157894736842","","7","40","31","11","26","94","43","16","75","95","65","134","12","","79","","46","22","35"
"","chalkola chalk markers","edit","1796","0.6842105263157895","","20","19","34","16","27","42","28","47","73","2","1","133","17","","23","71","125","41","13"
"","markers for black dry erase board","edit","1792","Residue","","1","6","3","23","7","16","29","4","49","99","","","17","11","43","138","21","","80"
"","chalk markers for cars","edit","1777","Residue","","1","8","","11","26","104","7","31","49","55","69","133","14","45","64","","","129","102"
"","wet erase markers thick","edit","1764","0.47368421052631576","","14","25","","21","1","","27","20","","106","","","19","18","","","39","",""
"","markers for black paper","edit","1725","Outlier","","22","18","61","","97","","70","","","","","","","","","","92","",""
"","chalk pens for chalkboard erasable","edit","1703","0.6842105263157895","","1","2","7","3","5","26","","10","15","14","22","","48","82","60","39","38","65","20"
"","erasable liquid chalk markers","edit","1700","0.7368421052631579","","2","3","12","4","10","25","29","6","16","15","40","","47","13","39","28","66","53",""
"","non toxic markers","edit","1694","Outlier","","93","21","","","","","","","","","","","","","","","","",""
"","fine tip chalk markers for blackboard","edit","1672","0.6842105263157895","","1","25","2","18","33","12","44","66","83","13","3","53","","","10","20","89","7","17"
"","chalk board markers erasable","edit","1661","0.7894736842105263","","1","2","12","3","4","30","40","14","10","24","63","65","9","21","68","41","19","38","47"
"","paint for cars","edit","1645","Residue","","","","","","","","37","","","","","","","","","","","",""
"","car chalk","edit","1642","Residue","","14","2","43","26","","","13","","52","56","74","","","25","63","","101","","100"
"","chalk markers for glass","edit","1641","0.47368421052631576","","1","3","17","6","4","","21","8","54","46","","","14","42","","94","64","53","56"
"","chalkboard markers fine tip","edit","1639","0.631578947368421","","1","13","3","10","41","15","","79","99","12","2","55","128","113","18","11","","6","16"
"","erasable markers for kids","edit","1568","Residue","","","42","","79","","","","20","","","","","","67","","","","",""
"","chalk markers'","edit","1537","0.5263157894736842","","1","2","32","3","6","27","9","35","68","","18","","5","121","","80","","",""
"","makers for school","dropped","1451","Residue","","","","","","","","","41","","","","","","","","","","",""
"","glass whiteboard markers","edit","1447","Residue","","19","35","84","30","47","","","13","","","123","","","5","","","37","","96"
"","chall markers","edit","1444","0.5789473684210527","","4","1","","5","2","19","15","36","","29","45","28","11","","","","","",""
"","teacher deals of the day","dropped","1432","Residue","","16","","","","","","","","","","","","","","","","","",""
"","car window paint markers washable","edit","1430","Residue","","4","14","","31","66","","22","56","63","72","42","","27","40","70","","","",""
"","chalkboard stencils","edit","1423","Residue","","","","","12","2","63","67","","","","","","","","","","28","",""
"","loddie doddie chalk","edit","1422","Residue","","","","","2","","5","","","","","","","","","","","","6",""
"","drawing chalk","edit","1419","Residue","","2","8","37","77","10","","28","","113","","","","87","","","","","",""
"","black board markers","edit","1407","0.5789473684210527","","1","2","5","11","9","29","26","3","36","55","","","8","71","","","28","51","141"
"","pastel chalk markers","edit","1395","0.5789473684210527","","31","16","13","11","4","2","24","22","64","","7","81","18","","86","112","27","58",""
"","washable car markers","edit","1379","Residue","","3","6","77","14","63","92","12","26","54","55","73","","","25","33","","","",""
"","liquid chalk markers for blackboards","edit","1369","0.7368421052631579","","1","3","17","4","10","76","13","12","14","21","28","","2","","32","61","39","41","65"
"","jumbo chalk markers","edit","1351","Residue","","83","","40","24","3","134","","107","114","93","","108","69","126","74","","95","",""
"","chalk signs","edit","1346","Residue","","12","","","57","6","","","","","","","","","","","","","",""
"","glass marker","edit","1345","Residue","","3","8","44","30","23","93","45","42","103","","","","71","19","","78","121","",""
"","gotideal chalk markers","edit","1342","0.631578947368421","","11","10","35","9","12","28","1","42","18","77","13","","25","69","2","72","85","","136"
"","car pen","dropped","1337","Residue","","","","","","","","37","","","","","","","118","","","","",""
"","acrylic calendar markers","edit","1323","Residue","","","","15","20","","14","51","7","119","139","130","141","120","","47","23","127","105","132"
"","thick chalk markers","new","1297","0.42105263157894735","","17","12","87","15","5","47","23","54","64","85","95","13","31","60","73","","38","77","136"
"","chalkboard paint for wall","edit","1289","Residue","","14","","","15","","","78","","","","114","","","","","","","",""
"","window chalk","edit","1288","0.42105263157894735","","2","10","62","8","44","","12","35","47","71","100","136","41","23","48","108","70","123","132"
"","liquid chalk pens","edit","1278","0.7368421052631579","","1","2","5","7","4","41","18","9","13","11","28","","","46","21","25","69","78","34"
"","large chalkboard calendar","edit","1277","Residue","","119","","","9","7","42","31","","","","","","24","","26","","53","65",""
"","colored chalk markers","edit","1269","0.8421052631578947","","1","3","23","4","2","41","8","10","24","32","35","22","5","58","34","29","19","70","106"
"","chalk wall","edit","1261","Residue","","7","133","","19","37","","54","","","","","","139","","","","","",""
"","liquid dry erase markers for chalkboard","edit","1258","0.631578947368421","","1","2","4","13","8","20","32","12","16","","35","","30","28","","","48","118","57"
"","skinny chalk markers","edit","1248","0.7368421052631579","","1","19","2","17","32","18","37","48","44","16","3","83","92","80","12","20","53","4","7"
"","glass markers for windows","edit","1248","Residue","","1","6","","5","20","","12","19","","","","","37","13","","","","",""
"","chalk board chalk","edit","1230","Residue","","15","16","55","32","34","","","89","118","76","","","85","138","97","","78","",""
"","fall chalk markers","edit","1216","0.7368421052631579","","18","","8","6","1","4","9","77","37","33","14","101","20","","12","","34","29","2"
"","chalk board paint black","edit","1193","Residue","","9","87","56","29","24","","47","58","74","","","","","","76","","130","","82"
"","chalk board calendar for fridge","edit","1184","Residue","","","","49","23","","","","","","","","","116","","105","","69","",""
"","markers for clear acrylic calendar","edit","1176","Residue","","11","","9","22","31","35","47","37","","90","","115","68","42","54","26","","43","92"
"","window chalk markers","edit","1169","0.42105263157894735","","2","16","46","5","24","","11","19","83","65","20","","44","47","68","112","55","96","97"
"","car marker","edit","1160","Residue","","1","14","","27","","","19","41","36","","","","","42","","","","",""
"","acrylic dry erase markers","edit","1160","Residue","","8","","15","47","113","28","","3","","121","","","12","42","","","53","","111"
"","bold chalk markers","edit","1156","0.6842105263157895","","2","1","31","4","3","27","19","17","12","23","","16","8","43","73","114","53","74","129"
"","stationery island chalk markers","edit","1151","0.5263157894736842","","5","10","","3","4","28","7","","122","129","130","132","17","","13","","8","22",""
"","chalk markers erasable","edit","1122","0.7368421052631579","","7","1","15","5","2","9","14","12","11","18","17","90","52","42","66","30","58","51","35"
"","non toxic dry erase markers for kids","edit","1113","Outlier","","","28","","14","","","","","","","","","","61","","","","",""
"","car paint markers for windows","edit","1107","Residue","","3","23","99","19","33","","12","68","74","77","49","","","32","45","","","",""
"","markers for chalkboard","edit","1102","0.6842105263157895","","1","2","16","3","5","20","9","13","97","24","17","73","8","84","28","77","","35","129"
"","acrylic board markers","edit","1101","Residue","","7","17","9","38","31","14","","4","","","109","140","97","18","","40","99","",""
"","table markers","edit","1095","Residue","","","15","","","","","76","","","","","125","42","","","","","",""
"","neon paint pens","dropped","1069","Residue","","","","","","","","39","","","","","","","140","","","","",""
"","color chalk","edit","1039","Residue","","21","45","","64","17","84","60","142","79","","","116","118","","125","","","","133"
"","window markers for cars washable","edit","1029","Residue","","37","","78","34","","116","19","20","47","65","70","","","50","","","","","111"
"","chalk marker eraser","edit","1022","Residue","","8","","83","25","26","","84","18","88","","91","","","90","","","","98","109"
"","window markers for glass","edit","1021","Residue","","1","12","","7","33","","16","14","","","","","","18","","","","",""
"","brown chalk marker","edit","1016","Residue","","70","","2","7","6","5","20","82","81","96","","","51","","","117","","","16"
"","dust free chalk","edit","1014","Residue","","","","","31","","","","","","","","","","","","","","",""
"","chalk marker calendar","edit","1013","Residue","","23","44","27","7","12","34","13","33","70","133","134","","22","","20","63","62","39","72"
"","erasable markers for paper","edit","1011","Residue","","","48","","","","","","","","","","","","38","","","","",""
"","stencils for chalkboard signs","edit","1007","Residue","","20","","31","","2","","61","","","","","","8","","","","76","",""
"","window paint for glass","edit","1001","Residue","","14","","","","103","","12","76","","","","","","89","","","","",""
"","markers for glass whiteboard","edit","994","Residue","","17","31","","9","41","48","77","8","","","","","","5","92","","26","","112"
"","wall calendar chalkboard","edit","989","Residue","","39","","14","10","13","44","40","","","","","","17","","37","","62","79",""
"","markers for car windows washable","edit","970","Residue","","36","20","66","","57","","","18","44","71","61","","","46","50","","","80","118"
"","back to school sign with markers","edit","949","Residue","","","3","4","","","","","","","","","","","","","","","",""
"","gold chalk marker","edit","945","Residue","","","","","38","","","","20","","11","","","","","","","10","",""
"","fall color chalk markers","edit","939","0.6842105263157895","","41","27","16","5","1","4","6","","39","","","","23","","12","","28","38","3"
"","dry erase markers pastel","edit","938","Residue","","","","","39","","17","","","","","40","","","","","","","",""
"","neon chalk","edit","920","Residue","","6","14","70","","","","16","11","","135","107","103","115","42","118","","35","","68"
"","window crayons","edit","913","Residue","","15","","","32","","","65","","82","","","","","","","","","",""
"","chalk marker board","edit","909","Residue","","2","10","29","14","11","143","18","37","48","66","35","","17","62","45","","80","104","133"
"","fine chalk markers","edit","906","0.7368421052631579","","1","42","2","31","45","15","","10","","16","4","38","","","24","29","","12","14"
"","artists drawing media","edit","904","Residue","","","17","","","","","","","","","","","","","","","","",""
"","chalk markers for acrylic board","edit","901","0.7894736842105263","","2","5","13","3","12","24","14","10","44","42","34","120","72","32","27","46","","37","22"
"","chalkboard calendar with chalk markers","edit","901","Residue","","87","72","17","5","38","","47","29","116","","","","3","","21","127","69","43","142"
"","mirror marker","edit","896","Residue","","2","4","","20","9","125","26","11","80","","96","","","32","56","","86","",""
"","car pens","edit","890","Residue","","","","32","","","","17","20","","","","","","45","","","","",""
"","blacklight markers","edit","884","Residue","","24","47","","","","","","","","","","","","","","","","",""
"","erasable liquid chalk markers fine tip","edit","881","0.631578947368421","","2","8","6","13","","11","","48","","12","5","","","24","21","18","","25","9"
"","best chalk markers","edit","876","0.8421052631578947","","1","2","19","3","4","44","6","10","28","11","5","17","14","32","29","104","43","69","73"
"","marcadores de agua","edit","875","Residue","","4","22","","","","","91","","","","","","","","","","","",""
"","black board chalk markers","edit","871","0.6842105263157895","","1","3","9","2","6","39","10","4","25","48","26","116","7","56","18","","","31","55"
"","colorful chalk","edit","863","Residue","","4","23","","","79","61","67","","128","140","","","138","","","","104","",""
"","markers for glass","edit","857","Residue","","1","5","33","10","26","78","29","11","91","","","","87","19","","","79","",""
"","chalk markers fall colors","edit","854","0.631578947368421","","55","34","11","4","1","5","7","52","40","116","","106","21","","12","","25","29","3"
"","car window marker","edit","854","Residue","","1","9","82","37","","","20","27","63","28","30","","","60","79","","","","135"
"","chalkboard menu","edit","854","Residue","","52","33","46","64","5","","","","","","","","100","","","","","",""
"","black chalk board","edit","849","Residue","","5","","","","56","","","32","","","","","100","","","","","",""
"","dry erase markers neon","edit","848","Residue","","2","","19","","","18","","4","","","","","","6","","","38","",""
"","hagoromo fulltouch chalk","edit","846","Residue","","","","","","12","","22","","","","","","","","","","25","",""
"","chalkboard calendar large","edit","845","Residue","","","","35","8","26","","45","","","","","","24","","20","","","",""
"","window chalk markers for glass","edit","841","0.47368421052631576","","2","10","42","3","9","69","12","21","","","51","","38","35","52","84","92","79","114"
"","chalk markers for whiteboard","edit","839","0.6842105263157895","","1","7","17","2","4","32","6","11","38","","12","","5","19","33","","46","","47"
"","glass board dry erase markers","edit","838","Residue","","13","45","39","","31","42","","19","","","","","18","3","","","","",""
"","chalk markers for blackboard fine tip","edit","837","0.6842105263157895","","1","16","2","15","33","12","59","52","47","11","3","43","73","56","10","21","65","4","17"
"","fluorescent markers","dropped","834","Residue","","19","26","","","","","","2","","","","","","","","","","",""
"","erasable chalkboard markers","edit","827","0.6842105263157895","","1","2","12","8","4","26","","9","24","18","23","","37","","","22","29","",""
"","neon chalk markers for blackboard","edit","824","0.8421052631578947","","1","3","5","6","20","15","10","2","18","14","19","","7","23","24","115","25","81","31"
"","washable window markers","edit","821","Residue","","1","10","","31","48","","8","12","57","70","","","77","36","53","","141","","119"
"","tizas de colores para pizarra","edit","809","Residue","","10","13","45","","33","","104","","114","","","","","","","","102","",""
"","window painting","edit","808","Residue","","","","","","","","13","","","","","","","","","","","",""
"","black board dry erase","edit","791","Residue","","2","","27","","","","","54","","","","","","","","","","",""
"","blackboard paint","edit","790","Residue","","11","78","39","35","133","","24","131","85","","67","","61","","59","","132","",""
"","glow in the dark marker","dropped","788","Residue","","65","42","","","","","","","","","","","","","","","114","",""
"","erasable chalk markers for chalkboard","edit","783","0.7368421052631579","","1","2","11","5","3","20","24","6","23","14","21","","43","46","","50","26","28","71"
"","chalk crayons","edit","782","Residue","","8","34","82","","102","","","","","","","","67","","","","","",""
"","paint chalk","edit","781","Residue","","3","1","139","27","90","","24","","114","43","","","","","","","","",""
"","wet erase chalk markers","edit","773","0.631578947368421","","1","6","14","7","2","70","9","4","57","31","","","","42","44","35","66","94","34"
"","fine tip liquid chalk markers","edit","767","0.631578947368421","","1","35","5","23","","12","","55","54","18","2","26","73","53","16","34","91","10","11"
"","neon whiteboard markers","edit","761","Residue","","4","32","22","52","137","30","46","3","125","","80","","70","6","78","","21","","43"
"","chalk board pens","edit","757","0.7368421052631579","","1","4","9","5","2","41","14","6","29","40","48","","7","88","38","43","44","60","50"
"","chalk pens fine tip","edit","754","0.6842105263157895","","3","18","1","38","56","20","98","25","95","16","11","36","97","137","35","19","75","30","12"
"","chalk board marker","edit","751","0.7368421052631579","","1","2","13","6","3","","8","14","19","36","24","31","10","","34","","47","40",""
"","paint markers for glass","edit","747","Residue","","35","43","","73","33","","","","","","","","","81","","","","",""
"","writing chalk","edit","744","Residue","","5","3","10","41","18","","","77","73","","","","","","","","115","",""
"","liquid chalk eraser","edit","743","Residue","","31","18","90","50","46","109","","34","139","102","98","","","67","113","66","110","141",""
"","paint markers for cars","edit","742","Residue","","","","","107","","","13","","91","99","144","","","69","","","","",""
"","chalk markers thick","removed","738","0.47368421052631576","","18","7","80","14","5","42","19","43","52","87","","15","27","75","72","","49","82",""
"","bright dry erase markers","edit","723","Residue","","3","","38","","","","","41","","","","","","14","","","","",""
"","skinny chalk","edit","718","Residue","","","18","6","","55","102","","","","105","72","","","","56","78","","119","42"
"","neon markers for black dry erase board","edit","709","Residue","","2","","5","44","12","15","17","3","56","125","54","","27","7","34","","20","","31"
"","best chalk markers for chalkboard","edit","700","0.7894736842105263","","1","3","22","2","4","34","5","20","59","10","11","57","21","44","43","","68","38","39"
"","color chalk markers","edit","698","0.7368421052631579","","1","2","16","4","3","21","5","13","10","22","48","12","8","101","29","49","41","82",""
"","chalk marker fine tip","edit","693","0.631578947368421","","3","48","1","34","43","16","63","50","85","9","4","30","53","126","20","32","","14","8"
"","dry erase markers for glass board","edit","693","Residue","","9","41","42","35","40","","","8","","","","","28","6","","","","",""
"","chalk markera","edit","688","0.5263157894736842","","1","2","102","6","4","18","14","35","83","","","28","13","","","109","70","113","32"
"","marcadores de pizarra","edit","688","0.42105263157894735","","6","12","24","17","22","","","34","","63","62","50","43","81","","40","89","",""
"","chalk liquid","edit","686","Residue","","11","21","","41","40","58","63","83","48","101","97","","50","84","82","","","120",""
"","markers for acrylic board","edit","682","Residue","","5","10","12","32","22","18","","7","78","","79","","68","20","64","","41","101","141"
"","chalk calendar board","edit","682","Residue","","45","","43","12","40","","72","","","","","","37","","26","","","",""
"","black dry erase board markers","edit","681","Residue","","2","19","6","35","8","23","24","4","73","","","","21","22","","","20","",""
"","paint pens for cars","edit","679","Residue","","","","121","","","","23","","","91","","","","","116","","","",""
"","vibrant dry erase markers","edit","667","Residue","","28","30","114","56","72","94","","58","80","","85","","63","18","","","26","","139"
"","paint for car","dropped","666","Residue","","","","","","","","39","","","","","","","","","","","",""
"","dry erase markers for blackboard","edit","662","0.6842105263157895","","1","4","7","10","11","16","34","3","23","35","31","","20","53","","95","17","138","66"
"","fluorescent paint markers","new","659","Residue","","","","","","","","28","","","","","","","","","","","",""
"","chalk markers for windows","edit","652","0.5263157894736842","","1","8","42","3","16","86","10","18","41","57","45","","24","51","52","","46","77","75"
"","car markers washable","edit","649","Residue","","34","33","","","","","19","13","37","","","","","29","","","","",""
"","chalk calendar board for fridge","edit","649","Residue","","","","29","25","","111","","","","","","","125","","","","","",""
"","wet erase board","edit","648","Residue","","","","","","26","","","","","","","","","","","","","",""
"","wet erase markers chisel tip","edit","646","Residue","","18","58","","34","3","","23","94","","","","","","27","","100","6","",""
"","1mm chalk markers","edit","645","0.5789473684210527","","1","24","6","25","","18","45","62","82","20","2","77","","67","17","89","","3","12"
"","glassboard markers","edit","643","Residue","","18","17","34","19","21","","48","12","","","","","","7","","","","",""
"","chalk marker for blackboard","edit","642","0.6842105263157895","","1","3","16","10","5","","22","17","21","18","23","","11","","27","35","","",""
"","washable window paint","edit","634","Residue","","39","","","","","","8","","","96","87","","","","34","","","",""
"","chalkboard pen","edit","628","Residue","","2","4","10","35","8","43","28","32","96","29","78","54","77","","72","34","38","89","36"
"","car decorating markers","edit","624","Residue","","19","44","","32","113","126","6","33","","70","71","","","34","","","","","81"
"","chisel tip chalk markers","edit","621","0.5263157894736842","","2","4","74","3","6","15","13","80","12","","","5","9","72","91","","24","","84"
"","car chalk markers","edit","621","Residue","","1","6","","16","29","","8","39","45","60","75","138","32","50","58","","110","103","88"
"","neon liquid chalk markers","edit","614","0.7368421052631579","","1","2","5","6","","10","4","3","24","27","22","","","12","28","","18","","38"
"","bright chalk markers for blackboard","edit","610","0.7894736842105263","","1","2","14","4","12","21","7","3","17","25","20","16","8","","44","","23","",""
"","chalk markers for car","edit","610","0.5263157894736842","","1","4","40","16","33","134","9","20","36","53","63","143","30","39","58","","125","112","90"
"","bistro chalk marker set","edit","609","Residue","","8","15","12","6","10","","23","","143","39","82","","81","","","","73","61","140"
"","orange chalk marker","edit","606","Residue","","12","9","69","18","7","31","32","70","42","38","74","62","67","","77","89","111","128",""
"","weekly menu chalkboard","edit","606","Residue","","2","","24","25","8","48","","","","","","","45","","","","","",""
"","chalk ink markers","edit","605","0.631578947368421","","1","5","7","2","4","39","9","11","28","52","42","72","16","51","57","","38","46","75"
"","chalk board stencils","edit","604","Residue","","","","41","7","2","110","48","","","","","","24","","","","","",""
"","color chalk for chalkboard","edit","601","Residue","","6","11","","23","41","","","125","63","","","","136","","61","","78","143",""
"","chall marker","edit","599","0.6842105263157895","","1","4","14","10","6","27","15","22","34","20","25","16","9","","","","","",""
"","chalkboard wall calendar","edit","598","Residue","","","","36","12","20","48","","","","","","","41","","45","","","",""
"","car window markers washable","edit","595","Residue","","3","14","80","21","70","96","9","28","52","71","49","","","32","45","","","","113"
"","chalk markers pastel","edit","593","0.47368421052631576","","","14","13","7","4","2","15","73","88","","17","79","61","","","","25","84","29"
"","chalk markers 1mm","new","592","0.47368421052631576","","1","","3","29","","22","","73","69","20","4","76","","","13","89","","2","14"
"","guangna markers","new","590","Residue","","","36","","","","","","","","","","","","","","","","",""
"","chalk markers￼","edit","589","0.5789473684210527","","1","3","13","2","5","29","12","19","44","46","34","47","4","91","66","76","96","94",""
"","dry erase paint markers","edit","586","0.631578947368421","","1","3","5","9","8","15","","2","22","","16","","","7","30","","20","",""
"","chalk pen fine tip","edit","585","Residue","","6","","4","29","42","22","","","","11","20","47","","","46","13","","43","12"
"","chalk marker calendar board for wall","edit","583","Residue","","","","30","5","13","29","14","48","","","","","38","","31","","","",""
"","washable car paint","edit","583","Residue","","","","56","","","","6","24","93","49","","","","60","53","","","",""
"","marker chalk","edit","578","0.631578947368421","","6","1","15","8","5","19","16","25","21","44","","40","11","111","","69","56","91","79"
"","bistro chalk markers","edit","576","Residue","","17","18","15","7","13","60","25","","","50","58","","63","","56","","88","78","49"
"","dry erase chalk markers fine tip","edit","575","0.5263157894736842","","2","","4","13","","6","","","","9","12","","","","37","38","","20","24"
"","pink chalk marker","new","572","0.47368421052631576","","7","8","38","13","25","11","42","54","109","74","37","78","","","53","","21","135","83"
"","erase board markers","edit","572","Residue","","47","","","30","","","42","35","","","","","","","","","","",""
"","liquid chalk pen","edit","571","0.5789473684210527","","2","3","7","42","9","47","25","13","34","15","44","","90","76","89","57","","","26"
"","markers for mirrors erasable","edit","569","Residue","","1","3","10","15","6","70","19","11","29","57","","143","","24","22","","18","79",""
"","extra fine tip chalk marker","edit","569","Residue","","2","","6","39","","19","","","","8","3","","","","33","24","","20","12"
"","chalkboard markers for blackboard","edit","567","0.7368421052631579","","1","2","12","4","3","21","39","14","19","25","18","","8","","","70","27","34","76"
"","birthday chalkboard sign","edit","567","Residue","","7","","12","","10","","","47","","","","","","","","","","",""
"","black glass board markers","edit","560","0.5263157894736842","","3","50","12","23","9","26","32","2","53","47","124","","17","8","22","","","54","101"
"","thick wet erase markers","edit","559","Residue","","12","33","","21","6","","13","11","","","","","26","18","","","31","","117"
"","chalk makers","edit","558","0.7368421052631579","","1","3","7","2","11","30","9","18","31","22","53","122","10","52","41","45","56","33","118"
"","glass chalk markers","edit","554","0.631578947368421","","1","3","31","2","10","39","11","13","","34","38","","21","28","","","47","",""
"","erasable chalk pens","edit","552","0.6842105263157895","","1","3","8","12","7","34","45","15","32","23","28","","","","","25","","","27"
"","8 black dry erase markers","dropped","550","Residue","","38","","66","","43","","","","","","","","","","","","","","105"
"","board marker","edit","549","Residue","","17","30","61","","97","141","87","99","138","","120","","129","","144","","","",""
"","mirror paint for glass","edit","549","Residue","","12","","","","","","","","","","","","","136","134","","","",""
"","chalk paint pens","edit","541","0.6842105263157895","","1","2","10","5","4","72","7","18","13","22","41","87","29","117","35","67","27","57","65"
"","markers for board","edit","539","Residue","","5","14","41","29","43","85","68","69","","","121","","105","84","72","","125","","126"
"","water marker","dropped","538","Residue","","78","21","","","","88","","","76","","","","","","","","","",""
"","chalk markers chisel tip","edit","537","0.5263157894736842","","4","5","","3","10","11","13","","16","","","1","6","","","","21","",""
"","fine tip chalkboard markers","edit","536","0.631578947368421","","1","25","3","11","36","12","","","","17","5","","","","10","13","","6","16"
"","pastel whiteboard markers","edit","535","Residue","","","35","","44","84","22","","","","","","","","","","","31","","63"
"","chalk paint markers for chalkboard","edit","534","0.7894736842105263","","1","2","18","3","4","27","6","12","39","14","21","","7","52","34","67","28","45",""
"","calendar blackboard for wall","new","533","Residue","","","","22","6","","","30","","","","","","","","","","","",""
"","dry erase marker for black dry erase board","new","532","0.47368421052631576","","1","15","6","","13","11","","3","","","","","21","10","","","18","",""
"","acrylic board markers erasable","edit","531","0.5263157894736842","","6","9","18","47","15","20","36","4","55","80","71","","122","21","72","30","29","","66"
"","calk markers","edit","527","0.7368421052631579","","1","2","9","3","4","34","7","37","5","28","","23","13","","17","","","26",""
"","liquid chalk markers for acrylic calendar","edit","526","0.8421052631578947","","4","15","10","6","5","18","20","8","73","95","12","","34","24","9","31","38","30","22"
"","car window paint markers","edit","526","Residue","","3","8","85","32","","","12","37","63","60","59","","","31","68","","","",""
"","chalk ink","edit","525","Residue","","6","1","13","3","8","38","7","","43","","","","","","","","","28",""
"","water based chalk markers","edit","524","0.6842105263157895","","1","2","13","3","5","52","23","16","10","12","41","","55","56","20","92","57","25","32"
"","windshield markers for cars","edit","524","Residue","","18","","","34","72","","35","96","","67","","","","22","","","","",""
"","acrylic markers for calendar","edit","522","Residue","","25","","13","26","44","9","28","8","","","100","","95","","38","37","136","55",""
"","liquid chalk board calendar","edit","522","Residue","","18","","62","11","84","64","66","","","","","","43","","40","88","141","136",""
"","bright chalk markers","edit","519","0.8421052631578947","","1","2","8","4","18","26","5","3","12","28","11","15","9","33","","83","29","58","43"
"","wet erase pens","edit","514","Residue","","29","","","","17","","75","25","","88","143","","","69","81","","","","64"
"","whiteboard chalk markers","new","512","0.6842105263157895","","1","5","13","3","4","36","12","10","53","61","16","","8","20","30","","18","47",""
"","wine glass markers washable","edit","511","Residue","","","13","","","18","","","15","","","","","","88","","","","",""
"","blackboard chalk markers","edit","508","0.7894736842105263","","1","2","17","3","4","31","10","15","20","14","12","66","9","","21","59","37","41","81"
"","chalk writer","removed","508","0.42105263157894735","","4","3","26","11","37","99","32","76","38","","","","118","84","47","29","","80",""
"","fine tip chalk markers for acrylic board","edit","505","0.6842105263157895","","20","37","5","27","45","10","40","","","18","3","","","","7","36","","13","9"
"","chalk markers for blackboard erasable","edit","502","0.6842105263157895","","1","2","10","5","3","24","26","9","15","14","16","","33","","48","27","","",""
"","dry erase markers for glass","edit","497","Residue","","3","33","40","43","47","41","","29","","","","","","11","","","","",""
"","colorful chalk markers","edit","492","0.8421052631578947","","1","2","20","3","6","16","9","17","11","23","12","7","30","40","37","53","22","49","47"
"","shower markers","edit","490","Residue","","20","","38","","","","","41","","","","","","34","","","","",""
"","liquid chalk markers erasable fine tip","edit","489","0.5789473684210527","","1","14","4","16","66","11","46","52","56","9","3","","","","20","28","90","27","12"
"","big chalkboard calendar","edit","482","Residue","","","","","9","35","46","39","","","","","","29","","11","","","",""
"","neon markers for black paper","edit","481","Residue","","1","10","13","94","","","","8","49","52","","","50","61","65","","80","","72"
"","dry erase markers for black board","edit","480","Residue","","1","14","3","31","7","15","27","5","40","","","","9","23","37","","16","",""
"","black chalk markers","edit","479","0.5263157894736842","","6","18","42","12","29","","39","17","63","72","67","115","14","","54","","40","47","44"
"","paint chalk markers","edit","478","0.7368421052631579","","1","2","18","3","4","27","6","13","30","34","26","54","16","85","33","89","28","","72"
"","dry erase for black dry erase board","edit","475","Residue","","6","","2","","10","15","","3","","","","","17","","","","20","",""
"","black liquid chalk markers","edit","471","0.5789473684210527","","8","","21","75","18","47","28","15","39","81","29","","11","38","36","","59","46","24"
"","fluorescent dry erase markers","edit","470","Residue","","6","37","9","","","32","","2","","","","","36","7","","","24","",""
"","chalk board markers for chalkboard","edit","469","0.8421052631578947","","1","2","10","3","4","30","7","12","23","16","14","134","5","29","26","72","34","24","51"
"","black board markers dry erase","edit","466","Residue","","1","18","3","22","7","14","13","4","","122","120","","15","26","","","25","","140"
"","metallic chalk markers","edit","466","Residue","","13","50","10","23","27","5","41","24","141","47","60","","82","","","16","2","97",""
"","mirror markers erasable","edit","464","Residue","","1","3","9","32","4","66","19","12","23","","76","","","20","34","134","22","72",""
"","halloween chalk","edit","463","Residue","","","","","","33","","","","","","","","","","","","","",""
"","bold dry erase markers","edit","461","Residue","","5","72","46","","16","85","","39","","92","","","41","36","","","95","",""
"","vintage chalk markers","edit","457","0.5789473684210527","","13","28","10","6","1","9","54","","50","32","62","102","11","","","46","15","25","8"
"","window markers for kids","edit","453","Residue","","7","4","","20","95","137","15","14","78","","50","","","34","85","","143","111",""
"","liquid chalk markers for chalkboards","edit","250","0.7894736842105263","","1","2","21","4","5","40","6","13","19","28","26","","9","48","32","","29","36",""
"","blackboard markers dry erase","edit","250","0.7894736842105263","","1","6","5","10","23","13","40","4","28","34","19","","16","42","74","","14","","43"
"","chalk markers for acrylic calendar","edit","250","0.7894736842105263","","7","15","2","5","9","21","8","6","72","","27","108","45","49","16","36","24","25","4"
"","chalkboard calendar markers","edit","250","0.7894736842105263","","3","8","4","1","9","13","5","7","69","121","28","","2","39","6","41","29","12","96"
"","chalkboard paint markers","edit","250","0.7894736842105263","","1","4","15","2","3","33","5","6","41","35","","","7","37","24","","23","12","130"
"","liquid chalkboard markers","edit","250","0.7894736842105263","","1","2","12","3","11","13","6","8","29","27","20","","9","","17","91","45","26",""
"","liquid markers for chalkboard","edit","250","0.7894736842105263","","1","2","10","3","9","18","6","8","36","26","23","","12","32","28","75","","31","95"
"","marker chalk pens","edit","250","0.7894736842105263","","1","2","7","9","5","22","16","17","30","29","24","39","26","","","35","","62","43"
"","washable chalkboard markers","edit","250","0.7894736842105263","","1","2","10","4","3","","8","6","43","24","37","","19","35","26","56","29","39",""
"","chalk markers dual tip","edit","250","0.7894736842105263","","9","10","17","6","12","62","8","7","4","11","3","40","32","50","14","","24","25","60"
"","got ideal liquid chalk markers","edit","250","0.7368421052631579","","12","6","32","13","8","14","1","10","","30","36","","9","34","2","","","7",""
"","chalk liquid markers","edit","250","0.7368421052631579","","1","2","13","5","11","19","8","18","17","25","26","","7","45","29","","74","67","115"
"","loddie doddie chalk markers fine tip","new","250","0.7368421052631579","","4","17","7","3","16","2","44","","15","27","9","69","48","","8","50","28","1","11"
"","acrylic chalk markers","edit","250","0.7368421052631579","","2","6","25","3","15","27","23","10","47","71","14","68","79","30","35","33","40","32",""
"","dry erase blackboard markers","edit","250","0.7368421052631579","","1","7","4","9","11","15","38","10","30","45","32","","20","39","","","17","",""
"","liquid chalk dry erase marker","edit","250","0.7368421052631579","","1","2","9","10","13","17","26","7","24","54","19","","6","22","94","34","27","53","50"
"","loodie doodle chalk markers","edit","250","0.7368421052631579","","32","4","71","1","11","3","6","28","15","48","94","","8","25","17","","13","2","33"
"","marcadores de tiza liquida para pizarra","edit","250","0.7368421052631579","","2","1","7","5","16","","6","24","11","41","","","29","21","42","20","44","47",""
"","chalk markers for back to school board","edit","250","0.7368421052631579","","1","2","13","7","11","27","25","5","10","64","","","70","15","41","39","","38","37"
"","blackboard dry erase markers","edit","250","0.7368421052631579","","1","8","3","9","11","13","25","6","24","35","20","","14","36","","","19","","57"
"","chalk markers loddie doddie","edit","250","0.6842105263157895","","7","9","82","1","5","3","10","85","25","61","28","68","13","38","21","","40","2","99"
"","chalkboard markers chalk","edit","250","0.6842105263157895","","2","3","17","4","5","30","6","24","","18","15","","12","","27","","","38","47"
"","chalk paint marker","edit","250","0.6842105263157895","","1","2","23","5","6","39","8","16","38","37","25","48","20","81","","","33","","51"
"","wet chalk markers","edit","250","0.6842105263157895","","1","2","21","5","3","70","14","4","","","17","24","20","34","29","37","48","106","61"
"","chalk dry erase markers fine tip","edit","250","0.6842105263157895","","1","33","3","18","45","9","","","","7","6","","","35","38","40","","31","23"
"","doddie chalk markers","new","250","0.6842105263157895","","6","4","28","1","18","3","12","69","30","33","25","","44","","27","","62","2","104"
"","bold chalk markers for blackboard","edit","250","0.6842105263157895","","1","2","25","4","5","23","12","20","11","17","42","33","3","","","","54","","71"
"","chalk market","edit","250","0.6842105263157895","","1","2","30","23","5","36","11","25","15","24","77","28","13","","58","42","78","87",""
"","amazon chalk markers","edit","250","0.6842105263157895","","2","3","10","4","5","37","15","9","35","25","65","1","18","50","41","","59","52","77"
"","chalk makers for chalkboard","edit","250","0.6842105263157895","","1","2","8","3","6","23","7","10","37","","","","12","","29","","31","26",""
"","chalk markers neon","edit","250","0.6842105263157895","","1","3","24","6","","14","10","2","17","25","28","","13","20","","","11","",""
"","chalkboard pens erasable","edit","250","0.6842105263157895","","1","3","11","10","6","28","","13","30","27","21","","","","","22","38","42",""
"","chaulk markers","edit","250","0.6842105263157895","","4","1","20","2","5","19","11","26","67","28","44","31","14","141","119","107","59","84","40"
"","fine tip chalk markers erasable","edit","250","0.6842105263157895","","2","33","1","28","48","14","","","","11","4","35","","38","20","15","","19","13"
"","liquid markers","edit","250","0.6842105263157895","","1","2","13","6","19","43","10","11","23","56","68","132","7","18","31","","41","",""
"","gotideal liquid chalk markers, 30 colors premium window chalkboard neon pens, including 4 metallic c","edit","250","0.631578947368421","","8","24","25","23","47","","1","22","26","41","12","","31","27","2","","","48",""
"","liquid chalk markers for glass","edit","250","0.631578947368421","","1","2","17","3","10","29","9","7","50","37","124","","33","20","41","","92","","51"
"","chalk markwrs","edit","250","0.631578947368421","","2","1","18","5","4","22","12","26","90","31","30","34","9","134","","113","","102",""
"","fine point chalk markers for blackboard","edit","250","0.631578947368421","","2","46","1","19","","12","37","","","8","3","36","","","17","22","","7","16"
"","ijiang chalk markers","edit","250","0.631578947368421","","13","11","49","5","6","17","8","86","24","15","68","118","33","","20","98","1","37","80"
"","stationary chalk marker","edit","250","0.631578947368421","","10","3","7","4","5","77","12","85","35","30","24","129","6","","23","50","","28","62"
"","positive art chalk markers","edit","250","0.631578947368421","","6","4","18","3","10","47","8","12","","32","51","","25","82","7","104","41","40","129"
"","loddie doddie erasable liquid chalk markers","edit","250","0.631578947368421","","6","7","25","1","44","2","12","11","19","15","","","","47","29","","","3",""
"","marxman chalk markers","edit","250","0.631578947368421","","5","6","20","4","8","","10","","11","21","32","96","","","","90","33","25","26"
"","neon window markers","edit","250","0.631578947368421","","1","8","31","19","","26","11","3","","34","64","","","10","27","","25","","39"
"","pastel chalkboard markers","edit","250","0.631578947368421","","53","43","21","7","6","2","25","78","56","58","12","","36","89","37","","32","42","16"
"","chalk car markers","edit","250","0.5789473684210527","","1","5","39","13","22","","7","28","33","45","60","140","34","26","","","91","92","86"
"","liquid dry erase marker","edit","250","0.5789473684210527","","1","4","5","35","13","12","","16","11","73","38","","21","18","","","","",""
"","artistro chalk markers","edit","250","0.5789473684210527","","4","6","17","2","5","21","26","84","14","60","28","","30","","","136","122","","18"
"","bold liquid chalk markers","edit","250","0.5789473684210527","","1","2","","5","4","50","7","8","10","18","","116","6","23","36","63","","97",""
"","chalk markers washable","edit","250","0.5789473684210527","","1","2","19","5","3","46","8","6","34","12","45","77","70","","36","","52","65","61"
"","chalk window markers for glass","edit","250","0.5789473684210527","","1","7","43","3","11","","5","16","","","36","","30","17","32","","","",""
"","liquid chalk markers for blackboards - bold color dry erase marker - chalk markers for chalkboard si","edit","250","0.5789473684210527","","1","9","10","8","2","12","13","5","17","","21","","3","","","","","",""
"","chalk matkers","edit","250","0.5789473684210527","","2","1","40","5","4","18","12","46","","29","","38","8","","","","","","39"
"","fall colored chalk markers","new","250","0.5789473684210527","","","16","10","3","1","5","12","","44","","","","","","43","","39","34","6"
"","pastel liquid chalk markers","new","250","0.5789473684210527","","17","13","","16","5","1","26","","38","","14","","34","","35","","","","15"
"","stationery island chalk pens","edit","250","0.5789473684210527","","18","","17","3","5","21","14","","","","12","","9","","","","7","10","35"
"","markers for black board","edit","250","0.5789473684210527","","1","2","5","4","13","29","15","3","47","48","96","","11","62","22","","27","49","127"
"","liquid chalk markets","edit","250","0.5789473684210527","","2","1","19","6","5","22","16","18","28","23","","","10","47","88","49","135","108","62"
"","dry erase markers for black glass board","edit","250","0.5263157894736842","","4","16","11","37","8","15","","2","","","","","18","7","","","32","",""
"","best erasable markers for glass","new","250","0.5263157894736842","","45","3","","6","39","19","34","2","40","","","","","8","","","41","",""
"","chalk window markers","edit","250","0.5263157894736842","","1","12","","3","22","","6","19","","","47","","33","38","37","","41","",""
"","waterproof chalk markers","edit","250","0.5263157894736842","","3","7","20","6","8","63","17","18","34","46","64","101","60","14","47","","12","71","53"
"","markers for car windows","new","250","0.5263157894736842","","1","16","93","14","38","100","12","28","40","35","32","","","43","75","","","","120"
"","wide tip chalk markers","edit","250","0.5263157894736842","","38","11","35","12","9","28","42","","36","140","78","29","40","77","61","90","55","72","109"
"","chalk markers thick tip","edit","250","0.47368421052631576","","30","5","36","11","7","79","26","","64","","75","8","21","50","45","","81","80",""
"","chalkola dry erase markers","edit","250","0.47368421052631576","","27","101","38","47","39","31","","79","83","3","8","","32","41","","","90","","17"
"","windows markers for car","edit","250","0.47368421052631576","","2","20","","32","31","","17","25","","33","28","","","38","","","","",""
"","ijiang liquid chalk markers","edit","250","0.47368421052631576","","17","10","55","7","6","","5","","19","","11","","15","","","96","3","57","106"
"","chalk markers black","edit","250","0.47368421052631576","","12","46","37","13","27","67","86","17","70","87","54","97","10","","65","","39","36","31"
"","thick chalk markers for blackboard","edit","250","0.47368421052631576","","3","14","26","10","4","","19","66","79","39","71","","11","","72","","25","86","112"
"","neon dry erase markers for black glass board","edit","250","0.47368421052631576","","8","","11","52","13","14","54","3","","","44","","39","4","","","","","37"
"","erasable markers for glass","edit","250","0.47368421052631576","","1","4","32","15","20","31","","2","33","","","","","11","","48","","",""
"","glow in the dark chalk markers","edit","250","0.47368421052631576","","6","14","96","9","","84","19","2","64","86","88","","32","24","35","","39","72",""
"","liquid chalk markers for cars","edit","250","0.42105263157894735","","1","6","68","14","53","69","2","33","22","85","60","","89","19","29","","","95","104"
"","blue chalk marker","new","250","0.42105263157894735","","17","10","35","16","25","39","52","34","67","","","","74","75","","","43","138","56"
"","car markets","new","250","0.42105263157894735","","1","","","32","","","12","17","28","44","38","","","24","","","","",""
"","chalk markers for car windows washable","edit","250","0.42105263157894735","","2","8","68","19","65","102","14","23","44","81","45","","89","26","49","","107","","108"
"","purple chalk marker","new","250","0.42105263157894735","","16","6","20","10","33","39","73","57","42","49","69","52","107","","78","75","8","114",""
"","large chalk markers","new","250","0.42105263157894735","","25","24","69","13","6","94","20","80","61","78","84","67","40","41","87","","32","68","107"
"","loddie doddie liquid chalk markers (24-pack) - dust-free erasable pens for windows, glass, chalkboar","edit","250","0.42105263157894735","","","","","1","13","3","","","","11","8","","","9","","","","2","18"
"","sign markers","edit","250","0.42105263157894735","","5","22","20","26","18","","34","41","83","138","129","","21","","69","","95","","113"
"","farmers market supplies","edit","250","Outlier","","","8","27","","","","","","","","","","","","","","","",""
"","fine tip chalk marker","edit","250","Residue","","1","34","3","47","25","20","","27","","19","8","43","33","","23","35","","11","15"
"","chalk whiteboard markers","edit","250","Residue","","1","3","9","4","5","62","14","11","47","45","16","","8","20","34","59","15","53","61"
"","chalkboard calendar with markers","edit","250","Residue","","5","26","13","4","40","42","33","11","","","","","3","","19","","","25",""
"","circle and square markers","edit","250","Residue","","4","7","","8","9","17","6","","25","","","","30","21","11","","","",""
"","glassboard markers erasable","edit","250","Residue","","14","5","21","18","","27","23","3","43","47","","","","2","38","","","",""
"","clear board markers","edit","250","Residue","","6","21","9","13","43","35","41","3","","","","","89","16","","45","48","","94"
"","liquid chalk markers for car windows","edit","250","Residue","","1","10","45","7","62","90","9","23","34","51","43","","24","19","","","","123","87"
"","markers for glass board","edit","250","Residue","","2","14","27","16","19","43","22","3","77","","134","","47","9","82","","44","","97"
"","car pens window","edit","250","Residue","","1","32","36","23","110","","7","45","24","22","78","","","43","48","","","","73"
"","markers to write on car windows","edit","250","Residue","","1","3","24","20","40","60","33","12","36","67","68","","","22","70","","","","81"
"","markers for mirrors","edit","250","Residue","","1","3","31","17","10","74","23","4","37","78","111","","","34","","","86","",""
"","window pens for glass washable","edit","250","Residue","","1","6","","20","38","81","8","13","56","36","78","","82","41","44","","93","70",""
"","window car markers","edit","250","Residue","","2","18","73","28","40","87","21","27","","29","34","","","38","60","","","","120"
"","light board markers","edit","250","Residue","","6","12","28","29","51","75","16","2","36","","","","43","22","","","62","",""
"","fine point chalk pen","edit","250","Residue","","","","1","","","","","","","15","12","32","","","34","13","","30","8"
"","glass writing markers","edit","250","Residue","","4","1","9","30","23","","","6","","","","","","17","","","25","",""
"","chalk for car windows","edit","250","Residue","","1","19","32","31","73","","17","43","45","56","","","","35","74","","","","85"
"","chalkboard calender","edit","250","Residue","","32","","29","9","24","","17","36","","","","","4","","39","","93","",""
"","dry erase markers for black glass","edit","250","Residue","","12","50","14","","7","16","113","4","136","","","","15","6","","","25","",""
"","window markets","edit","250","Residue","","3","23","68","9","36","","14","15","119","95","24","","39","","84","","65","112",""
"","car markers for windows","edit","250","Residue","","3","28","74","22","53","94","11","27","49","16","36","127","51","29","62","","","","97"
"","car window chalk markers for glass","edit","250","Residue","","1","6","33","21","79","123","13","25","40","48","","","102","30","60","","","","95"
"","markers for car","edit","250","Residue","","2","11","45","21","115","77","8","31","30","80","59","","","23","55","","","","95"
"","markers for cars","edit","250","Residue","","2","17","42","25","105","99","10","31","30","21","96","","70","47","","","","",""
"","markers for windows","edit","250","Residue","","1","9","40","4","","82","10","14","","89","35","71","52","32","","","91","","81"
"","markers for windows washable","edit","250","Residue","","5","6","63","18","29","83","11","10","45","","","","96","40","","77","","","106"
"","chalk board calender","edit","250","Residue","","45","","42","10","37","","23","47","","","","","12","","20","","59","",""
"","liquid chalk board","edit","250","Residue","","1","9","11","22","21","140","64","42","73","","119","","43","83","111","","","","141"
"","board chalk","edit","250","Residue","","2","9","34","18","15","","24","48","77","","","","23","","78","","","",""
"","marker for glass","edit","250","Residue","","2","5","39","33","40","88","50","41","89","138","","","70","22","","","95","",""
"","car window pens for glass washable","edit","250","Residue","","3","40","54","35","94","","22","16","","42","61","","65","31","68","","","","73"
"","dry erase neon markers","edit","250","Residue","","3","","21","39","","13","","2","","","","","","10","","","40","",""
"","window paint markers for glass washable","edit","250","Residue","","42","","68","37","54","135","11","14","41","34","","","70","40","","","","91",""
"","liquid chalk boards","edit","250","Residue","","3","12","7","28","27","","107","32","86","","","","44","87","","","74","",""
"","marcadores para vidrios de carros","edit","250","Residue","","8","6","","","","","37","10","38","42","","","","36","","","","",""
"","markers for cars washable","edit","250","Residue","","3","6","65","20","54","","13","24","59","49","70","","","30","22","","","",""
"","washable glass markers","edit","250","Residue","","1","6","54","25","41","96","13","7","52","","95","","122","26","64","","94","",""
"","window markers for glass washable kids","edit","250","Residue","","16","6","137","29","72","","31","14","","34","","74","","18","","","140","",""
"","window paint pens","edit","250","Residue","","2","25","35","21","29","","8","18","52","67","80","","","68","","","62","",""
"","bright dry erase markers for clear board","edit","250","Residue","","4","32","23","","","27","","5","","","","","","8","","","30","",""
"","neon dry erase markers for clear acrylic board","edit","250","Residue","","4","40","14","26","53","19","51","5","65","74","","","","7","61","122","59","93","73"
"","metallic dry erase markers","edit","250","Residue","","27","","11","74","113","9","87","","","45","","","","78","","38","2","",""
"","marker for car windows washable","edit","250","Residue","","2","10","84","23","","","14","30","46","85","","71","","29","","","","","115"
"","liquid chall","edit","250","Residue","","4","18","46","41","28","37","53","68","76","84","77","","20","82","80","","","97",""
"","green chalk marker","edit","250","Residue","","26","14","","10","3","","11","","","","","","47","","38","","48","",""
"","washable window markers for glass","edit","250","Residue","","38","16","","7","46","76","17","12","58","65","61","","78","28","51","106","141","","114"
"","washable window markers for cars","edit","250","Residue","","2","23","118","30","","","19","28","74","71","67","","","34","66","","","","107"
"","fluorescent markers neon","edit","250","Residue","","20","6","41","","","","","3","","","","","","10","","","44","",""
"","car writing markers","edit","250","Residue","","3","13","35","93","","126","24","32","69","76","83","","","23","84","","","","89"
"","chalkboard accessories","edit","250","Residue","","1","","22","10","14","","17","","","","","","","","","","23","",""
"","dry erase markers for acrylic board","edit","250","Residue","","15","","10","41","46","26","","7","","","","","","14","","","","",""
"","black board calendar with chalk markers","edit","250","Residue","","3","","","8","58","69","40","23","127","","28","","","","","76","68","30","137"
"","black marker board","edit","250","Residue","","7","","30","45","39","","73","9","90","127","","","35","","","","75","",""
"","car washable markers","edit","250","Residue","","3","6","78","27","93","","13","28","","72","80","","","34","","","","","91"
"","car window chalk","edit","250","Residue","","2","17","39","38","31","","14","","47","","67","","135","","74","","","","85"
"","car markers washable for auto windows","edit","250","Residue","","21","60","83","31","","","14","32","","","94","","","19","","","","",""
"","black chalk board calendar","edit","250","Residue","","86","","20","7","93","121","42","","","","109","","30","","26","","120","97",""
"","black chalkboard calendar for wall","edit","250","Residue","","4","","66","2","22","","62","","","","","","33","","36","","","",""
"","chalk for chalkboard painted walls","edit","250","Residue","","7","18","48","12","13","36","","","","","","","","","","","","",""
"","chalk calendar for wall","edit","250","Residue","","","","29","6","39","36","","","","","","","43","","60","","","",""
"","arteza glass board markers","edit","250","Residue","","7","30","","67","46","69","34","13","64","109","","","","6","","","88","","118"
"","black board chalk","edit","250","Residue","","4","47","35","29","27","","48","12","59","","","","85","","91","","","","104"
"","black calendar chalk board","edit","250","Residue","","","","20","7","","74","36","","","","","","27","","31","","","",""
"","car chalk window markers","edit","250","Residue","","1","9","66","20","46","","22","35","","","60","","49","","55","","","","100"
"","chalkboard crayons","edit","250","Residue","","2","14","","","21","","","39","","","","","","","","","42","",""
"","colorful chalk for chalkboard","edit","250","Residue","","3","8","45","31","","109","40","118","53","","","","94","","143","","139","","144"
"","giant chalkboard","edit","250","Residue","","25","28","","10","19","","","41","","","","","","","","","","",""
"","glass pen window marker","edit","250","Residue","","3","30","","37","","","","11","","","","","","44","","","46","",""
"","monthly calendar chalkboard","edit","250","Residue","","","","31","11","43","","39","","","","","","41","","","","","",""
"","wet markers","edit","250","Residue","","10","69","","","28","","44","14","","","","","","38","","","96","","107"
"","marcadores borrables","edit","250","Residue","","17","20","","34","","","","29","","","","","","43","","","","",""
"","calendar blackboard","edit","250","Residue","","","","","7","","44","","30","","","","","38","","21","","","",""
"","yellow chalk marker","edit","250","Residue","","4","6","43","26","20","","57","101","","79","","75","","","","","","",""
"","neon dry erase","edit","250","Residue","","15","106","64","","","16","70","2","","","65","","","9","","","37","","61"
"","loddie doddie dry erase markers","edit","250","Residue","","","","","1","31","4","","","","","","","","61","","","","7",""
"","large chalkboard calendar for wall","edit","250","Residue","","","","","10","44","52","","","","","","","7","","37","","","",""
"","glitter dry erase markers","edit","250","Residue","","8","","16","","","","","47","","","","","","41","","","1","",""
"","glow in the dark dry erase markers","edit","250","Residue","","13","47","","","","","","9","","","","","","5","","","44","",""
"","wall chalk","edit","250","Residue","","5","","","10","14","","15","","","","","","","","","","","",""
"","wall chalkboard calendar","edit","250","Residue","","53","","36","10","19","46","123","","","","","","37","","","","","",""
"","washable chalk paint","edit","250","Residue","","21","39","","16","","","43","","","","96","","","","70","","","",""
"","weekly chalkboard","edit","250","Residue","","5","","22","59","7","","","","","","","","32","","","","","",""
"","wet markers for dry erase boards","edit","250","Residue","","50","29","","","109","124","","6","","66","77","","133","19","","","45","","56"
"","auto markers for cars washable","edit","250","Residue","","","","","","","","13","15","39","38","","","","48","","","","",""
"","car window paint markers for glass washable","edit","250","Residue","","","67","49","","","102","25","29","46","40","47","","","45","","","","","130"
"","dry erase markers bright colors","edit","250","Residue","","6","","","","","44","","35","","","","","47","33","","","","",""
"","car paint pens","edit","250","Residue","","","","131","","","","10","32","110","68","138","","","29","65","","","",""
"","chalkboard spray paint","edit","250","Residue","","10","44","126","58","","","40","","","","","","","","","","","",""
"","chalk for board","edit","250","Residue","","3","8","58","51","63","","96","103","144","","","","24","","","","","","104"
"","window crayons for glass washable","edit","250","Residue","","45","48","86","47","","","","33","","94","","","63","39","57","","","",""
"","pen to write on glass","edit","250","Residue","","10","51","58","45","","","","24","","","","","","78","","126","","",""
"","washable car paint markers","edit","250","Residue","","13","","139","67","","","10","82","125","55","","","","36","51","","","","131"
"","crystal effects window markers","edit","250","Residue","","","","76","","5","","4","","","60","","","","65","","","3","",""
"","dry erase blackboard","edit","250","Residue","","2","","15","","21","","","","","","","","","","","","","",""
"","glow chalk","edit","250","Residue","","29","33","","","","","","","","","","","","38","","","","",""
"","colored chalk for blackboard","edit","250","Residue","","18","51","45","31","","135","70","55","133","","","52","","","","","50","",""
"","markers that write on black paper","edit","250","Residue","","5","","23","","","","30","","","","","","66","","","","67","",""
"","loddie doddie chalk board","edit","250","Residue","","","","","8","","12","","","","","","","","","","","","11",""
"","colored chalk for chalkboard","edit","250","Residue","","7","43","123","100","71","121","33","","","144","","","","","","","","",""
"","bright chalk","edit","250","Residue","","17","9","","71","","101","","25","","","133","","","107","127","","111","",""
"","car decorating paint markers","edit","250","Residue","","","","","37","","","11","","","","","","","24","","","","",""
"","chalk blackboard calendar","edit","250","Residue","","","","","4","","","","","","","","","28","","25","","","",""
"","chalk board menu board","edit","250","Residue","","","","22","","8","","","","","","","","42","","","","","",""
"","loddie doddie sidewalk chalk","edit","250","Residue","","","","","4","","12","","","","","","","","","","","","",""
"","dry erase board paint","edit","250","Residue","","9","","","","","","","23","","","","","","","","","","",""
"","wine glass pens markers washable","edit","250","Residue","","","47","","","","","","28","","33","","","","","","","","",""
"","mirror pen","edit","250","Residue","","4","","42","","","","139","133","","","","","","","","","51","",""
"","gotideal","edit","250","Residue","","","","","","","","1","","","","","","","","3","","","",""
"","glow markers","edit","250","Residue","","39","44","","","","","51","","","","","","","103","","","123","",""
"","chalk colored","edit","250","Residue","","14","53","","87","45","","119","","","","","","","","","","","",""
"","wet dry markers","edit","250","Residue","","20","127","","","","","","38","","","89","","","60","","","58","",""
"","cardboard markers","edit","250","Residue","","11","27","","","","","","","","","","","","","","","","",""
"","chalk board calendar for wall large","edit","250","Residue","","","","","9","","67","","","","","","","30","","","","","",""
"","chalk board chalk and eraser","edit","250","Residue","","","","","86","28","","140","19","","","","","","","","","","",""
"","blackboard calendar for wall","edit","250","Residue","","","","","21","","","23","","","","","","","","","","","",""
"","dixon dry erase markers","edit","250","Residue","","15","","","29","","","","","","","","","","","","","","",""
"","car paint marker","edit","250","Residue","","13","","","","","","17","","139","111","","","","96","103","","","",""
"","8 markers","edit","250","Residue","","45","21","98","","133","","","80","73","","","92","","","","","110","",""
"","8 pack dry erase markers black","edit","250","Residue","","45","","67","","35","93","","","","","","","","","","","101","",""
"","baby milestone chalkboard","edit","250","Residue","","5","","7","","","","","","","","","","","","","","","",""
"","glass blackboard","edit","250","Residue","","","12","","","","","","31","","","","","","","","","","",""
"","markers for dry erase board","edit","250","Residue","","8","15","47","","119","","","58","","","","","","50","","","","",""
"","neon markers glow in the dark","edit","250","Residue","","11","","","","","","","10","","","","","","","","","","",""
"","paint for car windows","edit","250","Residue","","","","49","","","","15","31","","54","60","","","","","","","","124"
"","back to school board with markers","edit","250","Residue","","","2","","","","","","","","","","","","","","","","",""
"","back to school markers","edit","250","Residue","","","20","","","","","","","","","","","","","","","","",""
"","deli markers","new","250","Residue","","","","","45","","","","","","","","","","","","","","",""
"","dry erase markers 16 pack","new","250","Residue","","","","","40","","","","","","","","","","","","","","",""
"","dry erase markers kids non toxic washable with eraser","edit","250","Residue","","","15","","","","","","47","","","","","","","","","","",""
"","dry erase markers non toxic for kids","edit","250","Residue","","","27","","","","","","","","","","","","","","","","",""
"","dry erase markers thick tip","new","250","Residue","","29","","","","","","","","","","","","","","","","","",""
"","kids chalk paint","edit","250","Residue","","","15","","","","","84","","118","","","","","","","","","",""
"","markers 8","edit","250","Residue","","94","28","","","","142","","","80","","","83","","","","","107","",""
"","markers for cast signing","edit","250","Residue","","","21","54","","","","","","","","","","","","","","","",""
"","chalk for chalkboard for kids","edit","250","Residue","","106","38","","133","128","","","142","","","","","144","","","","119","",""
"","teacher prime day","edit","250","Residue","","25","","","","","","","","","","","","","","","","","",""
"","chalk marker cleaner","edit","250","Residue","","","","","8","","","","","","","","","","","","","","",""
"","chalk paint kids","edit","250","Residue","","","12","","","","","","","","","","","","","","","","",""
"","chalk paint for kids","edit","250","Residue","","","14","","","","","113","76","","","","","","","","","","",""
"","chalk roller","edit","250","Residue","","","15","","","","","","","","","","","","","","","","",""
"","classroom wishlist must haves","edit","250","Residue","","40","","","","","","","","","","","","","","","","","",""
"","colored markets","new","250","Residue","","","","","29","","","","","","","","","","","","","","",""
"","fluorescent paint pens","edit","250","Residue","","","","","","","","","45","","","","","","","","","","",""
"","green chalkboard paint","edit","250","Residue","","","","","","16","","","","","","","","","","","","","",""
"","prime day teacher","edit","250","Residue","","9","","","","","","","","","","","","","","","","","",""
"","chalkboard vinyl","edit","250","Residue","","","36","","","","","","","","","","","","","","","","",""
"","big chalkboard","edit","250","Residue","","48","","98","42","","","87","","","","","","73","","","","","",""
"","markers non toxic","edit","250","Residue","","47","16","","","","","","","92","","","","","","","","","",""
"","sure tip","edit","250","Residue","","","23","","","","","","","","","","","","","","","","",""
"","table markers for classroom","edit","250","Residue","","","","","","","","","19","","","","","","","","","","",""
"","pasta markers","new","250","Residue","","","58","","40","","54","87","","95","","","","","","113","","","",""
"","chalk for kids chalkboard","new","250","Residue","","","36","","","","","","","","","","","","","","","","",""
"","restaurant supply","edit","250","Residue","","","31","","","","","","","","","","","","","","","","",""
"","bold markers","edit","250","Residue","","4","76","137","","","","","","","140","","","","","","","47","",""
"","maxgear liquid chalk markers","dropped","250","0.6842105263157895","","3","4","43","5","24","","6","33","8","28","20","","","37","10","","","22",""
"","maxgear chalk markers","dropped","250","0.6842105263157895","","3","5","7","4","8","","6","38","17","36","10","","26","","11","","","24",""
"","gotideal chalk markers, 30 colors liquid chalk markers for blackboard chalkboard calendar glass neon","dropped","250","0.631578947368421","","13","37","36","4","27","","1","16","","","24","","30","29","2","","","20",""
"","max gear liquid chalk markers","dropped","250","0.631578947368421","","11","5","45","3","31","","4","29","7","47","12","","6","","9","","","30",""
"","max gear chalk markers","dropped","250","0.5789473684210527","","18","5","23","4","33","","6","16","9","","","","28","","15","","","20",""
"","permanent chalk marker","removed","250","0.47368421052631576","","14","6","11","17","15","26","32","116","33","92","46","63","75","71","","","38","73","49"
"","arteza glassboard markers","removed","250","0.42105263157894735","","9","31","","28","29","75","30","68","44","47","","","69","27","37","","82","66","95"
"","chalk paint for chalkboard","removed","250","0.42105263157894735","","2","7","38","10","19","","12","","","","","","34","","18","","","",""
"","glass chalk markers for car windows","removed","250","0.42105263157894735","","2","6","43","26","","","12","24","44","","","","","27","48","","","",""
"","mirror writing markers","dropped","250","Residue","","1","3","8","43","12","49","29","37","40","","","","","44","38","","27","",""
"","markers to write on glass","dropped","250","Residue","","1","3","8","30","35","","29","5","48","","","","","15","","","","",""
"","chalk paint for glass","dropped","250","Residue","","21","65","","36","","","23","","","88","","","","72","81","","52","",""
"","chalkboard menu board","dropped","250","Residue","","88","143","67","64","3","","140","77","","","","","51","","","","","",""
"","blackout markers for mail","dropped","250","Residue","","","","","43","","","","","","","","","","","","","","",""
"","emoji markers","dropped","250","Residue","","","10","","","","","","","","","","","","","","","","",""
"","eraseable markers","dropped","250","Residue","","48","29","","109","","","","91","138","","","","","123","","","134","",""
"","chalk non toxic","dropped","250","Residue","","","41","","","","","","","","","","","","","","","","",""
"","windows pen","dropped","250","Residue","","","","","","26","","","","","","","","","","","","","",""
"","washable paint markers for kids","dropped","250","Residue","","","29","","","","","134","","","","","","","","","","","",""
"","classroom prime day","dropped","250","Residue","","8","","","","","","","","","","","","","","","","","",""
"","auto marker","dropped","250","Residue","","80","","65","","","","48","56","","92","","","","36","66","","","",""
"","small chalkboard for kids","dropped","250","Residue","","","36","","","","","","","","","","","","","","","","",""
"","window art paint","dropped","250","Residue","","","","","","","","29","","","","","","","","","","","",""